Alaskan Firedragon|So the Urbandictionary definition made you curious too?
anal|What to avoid in prison
ashley|a bad ass motherfucker who who won't take no shit off of nobody
asshole|Your current boss
adam|The first Man to ever get laid
abc sex|Sex only on Anniversaries, Birthdays and Christmas
anal sex|this is like, sex in the butt
Andre|A man who lives on bullshit because whatever he is does not seem good enough
asshat|One who has their head up their ass. Thus wearing their ass as a hat. Asshat
awesome|Something Americans use to describe everything
asian|the race with the hottest girls
And then i fucked her up the ass|What you say when you're in the middle of a story and realize no one's listening
Aaron|In India "Aaron" is a slang word for pimp
apple|The alternative to the orange
Allison|coolest bitch on the block
amy|to take, hold, or steal your heart. a person who is a soulmate. a good lover
Adverblasting|When a commercials audio is much louder than the program that you actually want to watch's audio
America|A country that claims the name of an entire continent to itself alone for no compelling reason
asdf|Asdf just is. Do not question the almighty power of asdf
albatraoz|to be an albatraoz is to be a strong woman, or in other words a boss ass bitch
avril lavigne|A singer that is so talented and clever, that she has the ability to rhyme "home" with "home."
Ambitchous|striving to be more of a bitch than the average bitch
Audrey|An incredibly blessed child of God. Audrey is both noble and full of strength
alcohol|The cause of, and solution to all life's problems
Andy|a man who's amazing in bed, great hair, and a smile that makes you melt. he's amazing all around
annie|greek name: (meaning) gorgeou, kindhearted, rebelious, gentle towards others
askhole|Someone who asks many stupid, pointless, obnoxious questions
AIDAN|Aidan , maddest cunt ever. all bitches . blow him ,
a|Favorite interjection of The Fonz
auto erect|When text is auto-corrected into something sexual
A1|Meaning good, on point
affirmative action|Getting into a job/college because you are not white
Adderall|The only way to finish homework
AF|The acronym stands for 'as fuck.'
aibohphobia|The irrational fear of palindromes (words that read the same forwards and backwards)
afk|Away From Keyboard
arm cardio|Masturbation
an hero|To commit suicide, regardless of how stupid the reason is or is not
Anne|An attractive and classy young woman who lives up to the simple beauty of her name
analrapist|Somebody who combines the professions of analyst and therapist, thus becoming an analrapist
ATM|At the moment
arctic fever|when you are attracted to white girls only
boobs|things that guys like to play with
bisexual|The ability to reach down someone's pants and be satisfied with whatever you find
buttsex|Where you have someone put a penis or a fake penis inside your ass
Bootylicious|Some strange word that urban dictionary always wants us to search for
birthday|The day I came out of a vagina
bbc|Big Black Cock. Usually found on African-American males. Also found inside slutty white girls
bush|The only presendent of the United States of America to be all most assassinated by a pretzil
boo|Boyfriend or girlfriend
basic bitch|A bitch with a pH value greater than 7
Brandon|The most AMAZING person alive
bored|What you probably are if you're looking this up
butter face|n. A girl who is hot, except for her (but her, butter) face
Bromance|Describes the complicated love and affection shared by two straight males
boredom|If your only reading up on this because your bored, add a thumbs up
blumpkin|The delicately balanced art of getting your cock sucked while taking a dump
bong|what you put the flowers in when then cops drive by
Balls out|To exude tremendous effort, to try extremely hard
Barack Obama|The chocolate Jimmy Carter
BMS|Bitchy Men Syndrome. Male version of PMS
boyfriend|a great guy who make you feel good bout urself... a protector, and ur best friend
Beer|The reason I get up in the morning and the reason I pass out at night
Baby Goggles|A phenomenon where the parents of an ugly baby think their baby is adorable and no one else does
boobies|The best damn things since peanut butter
barry|Typically a very sexy, sweet guy. Usually British
BFD|Big Fucking Deal
b|A greeting to one of your homies
buffer race|the race between the playback line and the buffer bar on an internet video
blunt|Cigar hollowed out and filled with marijuana, can be smoked in public (somewhat)inconspicuously
Bless your heart|The most Southern 'fuck you' there is. Can be put at the end of a phrase to nullify any cruelty
batman|Bruce Wayne
Brenda|A very nice person, with a beautiful face, and a special heart
badass|Ultra-cool motherfucker
beardo|A weirdo with a beard
brainspin|The inability to sleep because of your mind fixating on a thought
blinker beat|When the tic-toc of the blinkers syncs with the music playing on the car radio
bruh|Used by african Americans Males in everyday vocabulary or to greet one another
booty text|The lazy, low-commitment version of the booty call
beaver|another word for vagina or pussy
BAMF|Bad ass motherfucker *popularized by Dane Cook
Bud|Everyones friend
britney spears|More hated in America than Osama bin Laden... and that's really, really sad
beer thirty|Time of day (usually late afternoon to early evening) at which drinking a beer becomes necessary
boom shakalaka|the sound that is heard when someone makes an awesome slam dunk
Blake|A somewhat common name for a male; witty, dangerously handsome, clever and trustworthy
Business Buzzed|an acceptable level of intoxication for business situations
Bill O'Reilly|Another word for crap, turd, shit etc
bloods|A national street gang, well known for wearing the color red, selling crack, and illiteracy
bang|1) To have sex with someone
biological footprint|The amount of offspring you bring into this world
babe|endearing term, used to describe a good looking girl, sometimes describes guys
brad pitt|A sexy man that looks like a model for a female wet dream
brickberry|A term for the old, outdated phone you have to use when your current phone breaks
boys|an animal that can talk
Bill Clinton|To get a blowjob while at work
bryce|a guy who is excellent in bed, and you are amazed of his capabilities
break your crayons|Make you very upset or sad, or ruin your whole day
bitchplosion|an explosion of bitchiness
bastard|One born without married parents
cartossin|The act of giving up on both physical and mental growth
cuck|A man who likes watching his wife/ girlfriend fuck other guys
cock block|One who prevents another from scoring sexually
Chode| A penis wider than it is long
cock|The male reproductive organ.  Used as a secondairy brain at times
camel toe|When her pants are so tight you can read her lips
Chris|A kid who is always up to party and have a good time
Crush|a burning desire to be with someone who you find very attractive and extremely special
Cracker|Originally the white slave driver because he would "crack" the whip, hence the noun cracker
cute|A girl who is lovely and dreamy and cuddly and shy and beautiful and awwww *druels*
condom|A very smart invention to decrease the population and sti's
cool story bro|A phrase sarcastically used to indicate one's disgust or indifference towards a tl;dr story
crop dusting|farting while walking;
cocaine|a hell of a drug according to Rick James
connor|person with large penis
Computer|a machine for downloading porn
cunnilingus|The art of orally making sweet love to a vagina
coon|Insulting term for a black person
chink|A racist term used to describe the Chinese
Chicago|Best damn city in the world
Chase|The coolest fucker ever. Often seen with bitches and a cane
Call of Duty|An amazing way to keep your virginity
ctfd|Calm the fuck down
cole|The hottest guy livin
caleb|to have a sexy body. to have strong biceps, and ripped abs, and a nice ass
casey|a hot dude with a huge fucking cock
Coke|Short for the drug, Cocaine
Cake|This is a lie! Everything you have been told about the cake is a lie, do not listen
cumshot|The number one cause of blindness in females ages 13-40
COD diet|when you lose a lot of weight due to missing meals, because you play too much call of duty
Chris Brown|A way to put your woman in check
Caraoke|Singing along with music in a car, especially loudly and passionately
condomplate|To contemplate the use of a condom
Claire|Beautiful and perfect in every way
Claudia|the most amazing person i have ever met. best friend and someone who will make you smile 24-7
cactus legs|the feeling on a woman's legs as a result of not having shaved
Costcop|the Costco worker who checks your receipt as you leave
chronoptimist|A person who always under estimates the time necessary to do something or get somewhere
crap|what one says when one is afraid to say shit
Crips|the gang formed by timmy and jimmy on south park
Christmas Eve Eve|The day before Christmas Eve, 2 days before Christmas
cop|to get, recieve, purchase, steal, or have
Cindy|Often used to describe a girl who is amazingly cute. Usually innocent and smart as well
cyka blyat|The one thing russians always say in cs:go whenever they die, get mad or you die
cooter|vagina
Carlos|The Best Male Stripper In The World
cheese|The greatest substance known to man,Worshipped by pagans, exploited by me
cassandra|to be the most amazing thing anyone has ever seen
dick|The male genitals
double rainbow|intense joy, coupled with extreme emotional shifts; an experience equal to an orgasm
dumbass|Someone who looks up the word "dumbass" in a dictionary
dutch oven|The act of trapping a person under bed covers after releasing vile ass fumes
Dank|Also an expression requently used by stoners and hippies for something of high quality
dildo|City in Newfoundland, Canada
death|the cure for life
depression|A scary enough place to visit and I hate having to live there
don't take this the wrong way|but, What you say to someone right before you say something that can only be taken one way: badly
dog|Not a cat
Drunk|When you have to hold on to the grass to keep from falling off the earth
dead text|a text that is recieved too long after is sent so you are no longer obligated to reply to it
Deja boo|Wearing the same old Halloween costume to parties, year after year
dude|A word that americans use to address each other. Particularly stoners, surfers and skaters
Defensive Eating|Strategically consuming food for the sole purpose of preventing others from getting it
Dungeon Tan|the pale skin of a person who plays to much Xbox and doesn't get any sunlight
dubstep|the music that is created from transformers having sex
dafuq|what the fuck , but in a more confused manner
DSL|this means dick sucking lips
DTF|Abbreviation for "down to fuck"
double freeture|When you pay for one movie at the cinema but sneak into a second flick once the first one is done
deez nutz|something to say to annoy or frusterate something. one of the most popular listed below
dan howell|A Giant meme
Darude - Sandstorm|Every song in the world that people do not know the name to
Douchebaguette|A female douchebag. A woman who exhibits characteristics of a douchebag
dc|abbreviation for 'don't care'
Dickhead|a person who is an idiot and shows it all too well
Daisy|the coolest, most awesome,talented?,nicest girl ever
ding dong ditch|to knock on an anonymous door and run away
duff|Designated Ugly Fat Friend
docking|The act of placing the head of ones penis inside the foreskin of another's penis
dunn|A Gay man's asshole
devin|to have vigorous passion; an endless sexual appetite
doppelbangers|A person who has sexual intercourse with someone that looks identical to them but is not related
Dave|A term used to refer to the coolest person in a group
desiree|hot and sexy girl. they look really hot. Youd want to be with them forever and ever
Damn|The all purpose word
dome|blow job, head, sucking on the dick
dp|Double Penetration
Dr Google|A person medically qualified by Google's search engine to diagnose symptoms of sickness
DWT|Driving While Texting. Operating a motor vehicle while texting friends on your cell
Draco Malfoy|The most loveable bastard in English literature. Nuff said
doe|A deer, a female deer
Dine on the vine|blow job
DM|To send a Direct Message on twitter
DILLIGAF|Does It Look Like I Give A Fuck
Do a barrel roll|This is what you say when someone asks you for important advice in their life
diva|female version of a hustler
dildocio|The talk, actions, or behavior of dildos
Dank Memes|a meme that is just really radical, cool, and neat
Dawn|One's true love in life
doobie|Scooby Doo's middle name
DOA|Dead On Arrival. also see doa
ditto|The same
dustin|a hunky sex of a man
dankrupt|to be out of marijuana
Dean|the most amazing person alive with a huge penis
dead|Britney Spear's career
Emily|slang term for a highly attractive and sexually intriguing individual
Ethan|A male given name meaning strong, firm and safe
esrun|To send out automated spam
Encyclopedia Dramatica|Where facts die, and stereotypes lie
Edward Cullen|A psycho who goes into girls bedrooms to watch them sleep. May or may not sparkle
Emotional dump|Unloading all of your emotional crap unmercifully onto one or more of your friends
epic fail|Complete and total failure when success should have been reasonably easy to attain
Evelyn|The most amazing person on the face of the earth
echo chamber|A person who totally, obsequiously agrees with everything another person says
expiration chug|when someone drinks milk very quickly on the day of the expiration date
elaine|Another term for foxy or sexy
Edith|The cutest gal that ever did exist, period; can't argue
Eli|Someone who is fucking amazing and sweet, they're always up for more fun
Elijah|The term used to identify a hot guy.  With a nice body
earth|Mostly harmless
Economic Vegetarian|Only eating Vegatables because you can't afford to buy meat
Elias|One Damn Sexy Mother Fucker
erotica|Sexual talk,writings
edgehog|a passenger at the bus who hogs the aisle seat
eglaf|A word that literally has no meaning. It can be used in place of any word
explosive diarrhea|A liquid defacation so forceful you have to hold onto the toilet seat to avoid liftoff
email bail|using email to back out or ditch on plans, dates and even relationships
EA|An evil corporation set on buying every video game company till there is nothing left
extheist|Someone who was raised with religion but later abandoned the practice
Eyeolating|When you're checking out a girl (or guy) so vigorously that you violate them
Edwin|Word used to describe someone incredibly funny and charming
end of an error|January 20,2009 the last day of the Bush presidency
Emergenturd|A poop that comes on so suddenly that one fears they may not be able to make it to the toilet
essay|useless work used to torture billions of kids in this world
engayed|The term for gay couples to become engaged or plan on becoming married
econnoisseur|One who insists on the highest quality at the lowest price
Electric Hammer|When you touch someone or something with your erect penis and it releases static electricity
eBay|a place where you can buy a 30 dollar toaster for a dollar and pay 29$ shipping
Eric Cartman|A foul-mouthed, mean spirited, sexually confused, and morbidly obese 9-year-old on South Park
Eye|If you need help figuring this out you need help
ebaumsworld|A place full of stolen media with ebaumsworld.com plastered all over it
Elviscerate|verb: to eliminate any or all Elvis impersonators \ noun: Elvisceration
expiration dating|To start a relationship that has a defined end date; e.g., one of the people is moving soon
Ex-door Neighbor|The person who used to be, but is no longer your next door neighbor
email tennis|A seemingly endless interchange of emails without any useful outcome
eat pussy|to lick a girls pussy
easy|A term used to describe a woman who has the sexual morals of a man
Easy D|Effortlessly obtained dick
fuck boy|A person who is a weak ass pussy
fleek|To shit on ones education and pull shit out of their ass and call them words
facebook|a stalkers dream come true
Friday|A great feeling. Happy. No more shit for two days
fucktard|A contraction of "fucking retard"
fam|a word use to describe your peoples. ones that you can trust dearly. someone you consider family
fat|According to Hollywood, What you are if you are a female weighing over 100 lbs
Fugly|shorter word for "fucking ugly"
food baby|when you eat so much, that your stomach looks pregnant
Fuckit List|A list of people, male or female, you want to have sexual intercourse with before you die
FFS|Acronym for, for fuck's sake
fap on it|Masturbating before making any decision regarding females
Fart and Dart|Verb:
fucked|What this country is for the next 4 years
flirtationship|When you regularly flirt with an acquaintance or friend but do no more
finna|Abbreviation of "fixing to".  Normally means "going to"
facial|when someone cums all over your fuckin face
fauxhawk|A full head of hair combed into the middle to fabricate the look of a mohawk
Forever Alone|Being Single
Fuck Maine|An expression of anger or lamentation
FLÃœGGÃ…Ó˜NKÐ±â‚¬ÄŒHIÅ’ÃŸÃ˜LÄ®ÃŠN|i literally want to jump off a fucking cliff into a burning pit of boiling lava and bleach
fuck a duck|An ode to duck fucking to the tune of the popular children's song, "Row, Row, Row Your Boat"
Find your silence|A request that somebody be quiet, stop talking, etc
fight club|im not supposed to talk about it and neither are you
fourth of july|The day people light things on fire, and blame it on loving their country
familiated|To be humiliated in front of ones family
faded|word used on the west coast for being high/stoned/blazed
fake|if your bitch moans and looks you in the eye its fake
fap fap fap|the sound one makes when masturbating himself to extascy
freshman|A first-year student at a high school or university. Tends to travel in large packs for protection
freddie mercury|The best singer ever. so there
fireworks|explosives meant to annoy your neighbors
futurama|the best TV program ever created. Evily canceled by fox
fetch|The word that really hot girl from Mean Girls was trying to make slang for cool, awesome, or good
flake|n. An unreliable person; someone who agrees to do something, but never follows through
fucker|one who is rude, obnoxious, or mean....synonomous with Asshole, Dickhead,ect
fly|cool, in style
fling cleaning|(n.) when a bro cleans his room solely because he thinks he might be getting laid that night
friendship cuddle|The akward cuddle between two friends who are not trying to go to far
fine|good looking or hot
Freestyle|To make up a rap as you go. Could be a battle, a poem, or just a rap
french|a language that, if spoken, will get you more pussy than you can imagine
fuckoff o'clock|the end of the work day on Friday when an employee is most desperate to go home
fit|The British version of Hot
frontin|to put on a false disguise usually to impress others
Feeling 2016|When everything that can go wrong , goes wrong
Gate Rape|The TSA airport screening procedure
geek|The people you pick on in high school and wind up working for as an adult
ghetto upgrade|When you are flying economy on a near empty flight and can lay across an entire row of seats
grundle|The prime piece of real estate located conveniently between Scrotumburg and Anusville
good talk|A way to end a man-to-man conversation of personal feelings in a comfortable, heterosexual manner
G|A gangster
Gift Parasite|A person who adds their name to a gift tag in order to claim partial credit for giving the gift
goat|Greatest (like tight, the best)
Germany|The country Hitler wasn't born in
george|A guy with a very big (usually huge) penis
gotcha journalism|simple, straight-forward questions that cannot be answered by inept politicians
gaybie|the child of a gay couple. plain and simple
gooch|Gooch, A.K.A. "grundle" is the area that attaches ones sac to ones ass-hole
gullible|The only word that is not in the dictionary. Go look
Gaming sense|The ability to sense things in games, simply because of predictable, long-standing game cliches
gay sex|Admit it....the kind of sex you really want
grammer|That's how idiots spell "grammar."
Garrett|One who exhibits etreme model like hottness and who drives the ladies crazy in bed
Gleeks|Fans of the TV show Glee, which first aired in May 2009
gold digger|a person who goes out with you fo yo money
golf|to quote Oscar Wilde:
Gate Massage|A TSA pat-down with a "happy landing."
goddammit|A military expression of encouragement
gaydar|The ability/gift of being able to detect homosexuality in other people
grab them by the pussy|Something that Donald Trump enjoys doing
greek|Anal sex. Used mostly as a euphemism in prostitution circles
Grind|A group of lesbians
gravediggin|trying to have sex with an older person
gdi|God Damn Independent, a college student that is not in a fraternity/sorority
Glasshole|A person who constantly talks to their Google Glass, ignoring the outside world
Georgia|a girl that is so amazingly sexy all guys dribble when they see her
gintz|To get screwed out of something that is rightfully yours
Green day|A day spent smoking marijuana
ghost taste|the familiar taste that accompanies a post-meal burp. it's like deja-vu in your mouth
grill|One's personal business
gilf|Grandmother I'd Like to Fuck
greg|A scottish word used mainly in glasgow
Gloria|A naturally gorgeous girl who is eathier very quiet and shy or incredibly wild and adventurous
gun control|Holding a gun in a way that your shots are more accurate
gender ninja|a person who's gender is indecipherable
Group Chat Phobia|The phobia of texting in group chats
honkey|the scum of the earth; a perpetual liar; a deranged monkey with delusions of grandeur
holocaust|When hitler and the nazis captured the jews and put them in a camp
HARFO|have a real fine one
HMU|AIM acronym for : hit me up
hannah|a girl with class, grace, poise and elegance
h.o.l.l.a.n.d|hope
Hiberdating|Verb - Someone who ignores all their other friends when they are dating a boyfriend/girlfriend
hit the slide|To quit one's job in truly stunning fashion
Hell|A yellow bus carries me there every morning Monday through Friday
Halloween|An annual excuse for girls to dress like sluts and get away with it
heteroflexible|I'm straight but shit happens
harambe|An innocent gorilla that was killed because some stupid mother couldn't keep track of her child
ha|awknowledgement of someones comment or joke, but indicating it wasn't funny
handjob|The 21st century equivalent of the kiss
hunter|A manly name for a manly guy
haley|a spontanious combustion of pyscotic fusion
hook up|recieved a good or service as a favor
handcestors|HANDCESTORS, all the ancestors never to be born due to male masturbation
Herp Derp|An expression used when a person, or yourself, has done somthing extremely stupid and dopey
high ten|a double handed high five, reserved for especially awesome scenarios
Hobosexual|Adjective. The opposite of metrosexual; one who cares little for one's own appearance
hate|a special kind of love given to people who suck
HBIC|It's an acronym which stands for:
Howei|Another word for awesome
Hasbian|A former lesbian who is now in a heterosexual relationship
herpes|
Hope|Mankindâ€™s greatest weakness and greatest strength
heck|Where you go to if you don't believe in Gosh
Hate us cause they anus|A way of saying the phrase, "Hate us cause they ain't us" with a little more elegance
hooking up|An incredibly ambiguous phrase that drives me absolutely insane when people use it
holiday pounds|The extra little bit of weight you put on during a period of being on holiday or vacation
High Q|How a dumb motherfucker becomes a smart motherfucker after he smokes a bunch of pot
harvard|See "Grade Inflation" Grade Inflation
Homer|American bonehead
ho ho ho|The three words Santa Clause says when he sees your mother, aunt and sister in the same room
ham|Acronym for Hard As a Motherfu@#r
hollister|A place were you pay 60 dollars for torn Jeans
hun|short for honey, an endearing term
homer simpson|Possibly the greatest man who ever lived
Hugh Mungus|The act of sexually harassing a feminist
hello|what you say when your talking casually with friends and your mom walks in the room
homophobia|The fear that gay men will treat you the way you treat women
Hector|A sweet guy that could melt any girls' heart
homo|a derogatory term usually used by hetrosexual men against other heterosexual men
he need some milk|Having a violent accident so bad, it's obvious from afar that all of your bones are broken
hick|the President of the United States of America
humble pie|To be forced to apologize or to admit a fault
hi|The word that always appears everytime I open up Editor Chat
hob-knocker|when a guy hits you in the face with his penis
honeydude|like a sugar daddy. without the age gap
Halo 3 |The leading cause of divorce in America
Hi-Def|A polite way of greeting a hearing impaired individual
hXc|hardcore
internet|A vast array of wordpornography/word and advertisements
Involuntary "You Too"|When out of habit you reply to a comment with "You too". This happens to the best of us
ian|code for a hot guy. cannot be used in the case of females
indoorsman|An Introvert who prefers video games to partying
i'm going to sleep|I don't want to fucking text you
I Love You|The three hardest words to say in the English Language
Incest|The way the British royal family keeps itself German
italian|Best people in the world. Why? no reasons. We just are
intexticated|Describes people who drive while sending text messages on their phones
iPad Nano|A smaller version of the new Apple iPad
intaxication|Euphoria at getting a tax refund, which lasts until you realize it was your money to start with
Ivan|He is the sexiest man alive and really sweet and so fuking attractive
Ivaginary Friend|An imaginary female that a male lies about having sex with
IMO|"In My Opinion"
i just wanna talk to him|when you are going to punch or hurt someone
intercourse|the word sex ed teachers call getting laid
introsexual|The act of loving oneself; being sexually attracted to yourself
ily|I Love you
idk|Shorthand form for "I Don't Know"
i|A letter Apple really seems to enjoy putting in front of every single product they sell
iPod|Thw world's smallest form of penis compensation
ignoranus|A person who is not only ignorant, but is also an asshole
itt|In this forum thread
ineption|Completely inept at understanding the film, Inception
Icicle Fingers|When your fingers are so cold texting is almost impossible
iirc|abbv for If I Recall Correctly
india|Where every company outsources our jobs to
irie|to be at total peace with your current state of being. The way you feel when you have no worries
IRS|Income Removal System
ignorance is bliss|It is a term used to falsely justify apathy on the given subject in the form of a catchy cliche
immigrant|What every inhabitant of the USA is, except the Native Americans
illmatic|The greatest 40 minutes in Hip-Hop history
I'm so fucking bored|Me too
indian|A person of country India
IMHO|In my humble opinion
innit|isn't it
ikr|ikr = i know right
ignorant|adj. lacking knowledge
Invader Zim|It was Nick's last hope
I pity the fool|In Mr. T-glish, a rhetoric comment equivalent to the English "I'd best not find out who it was."
imvu|The increasingly irritating advert to the right
International Falls|Icebox of the Nation
insanity|Doing the same thing over and over and expecting a different result
ignant|The ignorant way of saying ignorant
idfka|I dont fucking know anymore
immature|98% of the people on Urban Dictionary
I take my leave|A polite way of saying goodbye
Itachi|The sexiest anime villain ever
ill|cool, tight, sweet
iPerbole|The hype surrounding any product Apple unveils
irma|a two faced hoe ass hussie most of the time they look like a heffer
it|The word the Knights of Ni cannot hear or say
jesus hitler christ|an exclamation of shock or disgust
Jessica|An extremely common female name
jennifer|A female name that people of america name their children
Justin|Sexy, without flaw, loving, kindhearted, name for someone that is special to you, thoughtful
Jason|the only name that can be spelled through 5 months of the year
Jesus Jeans|ripped or "holy" jeans. They're so holy, they're jesus jeans
jake|an amazing guy that is really funny and really adorable that you cant help but love
Joseph|A man's man.Extremely Awesome
jfgi|Just Fucking Google it.  You say it when somebody asks a stupid question
Jordan|A different word for very large penis
Jesse|a complete pimp/stoner who everyone likes and who gets all the girls
Jesus II|Jesus version 2.0, the second coming
jigaboo|The funniest sounding racial slur known to man. Used mainly by whites to disparage black people
juggalo|Darwin's biggest Obstacle
Jose|The most common name for Mexican males
Japan|The country with the world's best toilets
Joey|The hottest sexiest thing alive. I wanna lick his face off
Jack Off|stimulating your penis with your hand to cause orgasm and ejaculation.  Male masturbation
Juan|The number before two
Jackintosh|A computer used exclusively for porn
Jingle Bowels|Gastrointestinal woes following a night of holiday overindulgence
jacking off|masturbating
joint|a rolled marijuana cigarette
jackass of all trades|A person who is exceptionally bad at everything
Jagoff|A rude assholelike person. originated in pittsburgh
Jayden|Awesome person, refered to as "Teh Sex"
Ja Rule|Rapper who thinks he can sing.  Can't do anyhting without Ashanti
jill off|The female version of jack off: unassisted autoerotic stimulation
jasmin|a term used for something extremely beautiful
jesus piece|A term used for a cross or crucifix that is worn as jewelry
Jazz|The only truth left in music
Japanese Rain Goggles|A phrase that means absolutely nothing but was designed to cause hype on the internet
juice|Respect and credability on the street
Joesuff|a young buck, who knows what the lady's like and satisfy's P.Y.T.'s on a daily basis
Jimmy Page|A person too divine for definition
JALOUSE|The sexiest and the hottest being in the IMVU world
jk|Just Kidding
Joan Rivers|A Dead Clown Carcass
Jaime|The Master of the universe. Even better than He-Man
Jimmy Carter|The obama of his generation
Jerry|A sexy beast, good with the ladies and with a 8-inch wang
kanye west|A gay fish
Kim Kardashian|A chick who's famous for having a big ass and a sex tape
Kaitlyn|The most amazing girl ever. She's beautiful, smart, funny, and can always make you smile
katherine|an angel, a princess, your boo, someone special to you, and a perfect person
Kiss|The sweetest thing a guy can do without bein an ass
kike|A racist name for a Jewish person
Kush|A high grade strand of marijuana
kurt cobain|the singer of Nirvana
Krzyston|JEW
k|Online: A term of acknowledgement; esp. without particular interest
KYS|quick and easy abbreviation for kill youself
kristen|Slang for "most awesome girl ever"
Katrina|A beautiful girl that has many qualities. The perfect woman for any man
Kathryn|Quiet, but crazy, a little bit spaztic, and a whole lot of amazing
Kid Cudi|The best artist to listen to when your blazed out of your mind
kk|OK cool
Kate|A girl's name for the coolest person you will ever meet
kim|adorable
kickback|a get-together consisting of close friends, partying and drinking
Korean|An Asian nationality that tends to be questioned by rednecks
Kari|The best person in the world
kibbles and bits|Poop trapped in one's ass and discovered while fingering or fucking someone
kind of a big deal|A term for a person who is facetiously joking about how important/cool/awesome they are
Kat|Term refering to the hottest woman in the room
kitten|a baby cat! sometimes they can't meow properly yet and they are sooo cute
kewl|A stupid way of spelling "cool". Made up by morons
Ketchup drool|The thin nasty liquid that drips from the ketchup bottle before the thick sauce reaches the opening
Kirsten|Completely amazing, in all ways, shapes and forms
kardashian|To fart and queef at the same time
krista|- a amazing beautiful girl with a high tolerance of dealing with bull shit
kudos|To gain kudos is to earn respect and recognition
Kobe Bryant|AN EXTREMELY TALENTED.........ball hog
Kevin Durant|to leave your team and join the team you can't beat
kristina|sexiest girl ever....she needs to stop looking in the mirror when she says sexy
kurtis|a mother fucking awesome name
Kayleigh|the most beautiful and wonderful person ever
kleptocracy|A corrupt governmental body made up of thieves, also sullied by nepotism and croneyism
kaitlin|a cute funny and sweet girl who loves her friends and would do anything for them
Knob|The glans, the penis head
Katy Perry|A female singer who kissed a girl and liked it and who thinks you're gay
kill|to make one un-alive
Kim Jong Un|The little fat boy from the movie "up"
kenzie|only one word can describe her
Keanu Reeves|The shoes in your closet that go well with every outfit but are extremely uncomfortable
kaleb|the greatest guy ever..... i love you kaleb
Keep it real|To not be fake. Be yourself
Kitty|Kitty (kit'e) n: Soft, cute, playful with fangs and claws
Kicking dicks|Doing nothing
kid|a friend or aqauntance
Kind hearted|A good, kind, merciful and generous person
love|nature's way of tricking people into reproducing
Lol|The name 'Lol' is an abreviated form of the name 'Laurence'
lauren|a beautiful girl whom makes you go crazy
life|A sexually-transmitted, terminal disease
lil wayne|Accidentally shot himself in the chest once
Libertarian|A former Republican who grew larger balls and decided to say fuck the establishment
led zeppelin|A band that is so good that the world shall never see its likes again
Lit|When something is turned up or popping
Laura|meaning 'from the laurel flower'
a beautiful name|in fact one of the best names ever
liberal|If used in a non-political sense, "liberal" simply means "a lot."
Lily|A Lily is a success at life
lmao|Laughing My Ass Off. Used online only
linkjack|To post something on reddit that was previously posted to Digg
lesbian|a woman whose emotional, romantic, and sexual energies are geared towards other women
literally|People often confuse this word with figuratively
logan|A unisex name, generally male however, of Scottish origin. It means "little hollow."
laundry limbo|Intentionally rewashing clothing simply because you don't feel like putting it away
lug|abbreviation for Lesbian Until Graduation
Liam|Liam aka P.I.M.P
lawl|This is what "lol" sounds like irl. Say it with me, Laaaaaawwwwwlllll. Good job
LLAP|Live Long And Prosper
Lilly|Beautiful, fun, loving. Filled with sunshine
lydia|(n) An attractive girl who is funny
Let my girls hang|The act of taking your bra off after a long day and letting them be free
laborhood|The neighborhood in which you work, if different from the neighborhood in which you live
LMFAO|Laughing my fucking ass off
Lust|often confused with love, it is purely physical attraction and has no lasting effect
Lady Gaga|A very bad joke played on all of us by Tim Burton
Los Angeles|A massive tangle of highways and roads, also rumoured to contain people and houses
Labor Day|The holiday at the beginning of when school starts that nobody really knows what it means
Linda|Spanish or italian for "Cute girl"
lara|The most amazing girlfriend, a guy couldn't ask for more
Lionel Migration|stupid ass definition that comes up 50% of the time you hit the random button on UD
little buddy|A derogatory term to make yourself feel superior
Lena|the most beautiful intelligent woman in the world. and im gonna marry her
louis|a person with an abnormally large penis and natural hormones that girls can't help swooning over
Link|Hero/Pimp of Hyrule
legit|Real
loneliness|You too, huh?
Lebron James|To bail out on your team when times get tough
liptease|The act of putting on lipstick suggestively;
Layout Bitching|The act of users posting statuses on Facebook, bitching and moaning unecessarily about new layouts
Lost|The greatest show on ABC
lacrosse|What real men do during Baseball season
lumpatious|A word from the TV show Sam & Cat. Used as an insult
Lynn|One being with complete and utter intelligence, modesty, beauty, and self worth
Liam Payne|he used to have turtles, but there dead
lush|one who becomes intoxicated after a few drinks and flirts with everyone
Leila|an exotic, beautiful, caring name. which would describe a beautiful woman. she has charm and class
lewis|sexy ;)
Liverpool are playing at home|Euphemism for a woman's menstrual period
laid|to be fucked
marijuana|God's gift to mankind
milf|"Mother I'd Like (to) Fuck"
Meh|Indifference; to be used when one simply does not care
music|Ruined by MTV
matthew|a sexy guy that liked the women and has a nice tooth brush
Masturdating|Going out alone. I.e. seeing a movie by yourself, going to a restaurant alone
michael jackson|to be innovative original perfection
maybe later|a slightly less (or more) dick way of saying "no fucking way."
mudshark|A white woman that dates black men, usually because of low self-esteem
McDonalds|A place where people eat alot, get fat, and then sue to get money
mondaze|a daze you find yourself in due to it being Monday
Max|Short for "Maximilian", a russian name meaning "Large Penis."
mantrum|when a grown man throws a tantrum when he can't have his way
mary|The best girl a guy could wish for, They dont get any better than her
manstration|When a man is going through his monthlies
Minecraft|A kick ass game that is being built slowly. The creator is notch, and he programs the game
masturwait|Fapping while you're watching porn but you're waiting because the video's buffering
Mental Masturbation|Intellectual activity that serves no practical purpose
manther|The male version of a cougar; an older man who preys on younger women
mother fucker|My father
me|not you
microwave mentality|Having the attitude that if something can't be done in 5 minutes or less, it's not worth doing
mow the laundry|Doing a load of laundry after allowing clothes to pile up on your bedroom floor for weeks
math|the lesbian sister of biology
martin|A guy who acts shy but actually has a big penis
Marching Band|Life
mexican|Someone hailing or claiming ancestry from Mexico
Maddie|A really funny girl who is very sexy and smart, she is always flirtatious and brilliant at sex
Mariah|The cutest girl at school
masternap|The act - either planned or unplanned - of falling to sleep after masturbating
mattress worship|Refers to the decision to stay in bed when you are too tired to get up and go to church
mascary|when a person wears a scary amount of mascara
mo'|slang that means a lot or in an excessive amount
manbearpig|When you can't actually argue with someone based on facts so you just make fun of them instead
Munchies|When you get hungry after smoking weed.  Usually people will eat a lot of junk food
Mental virginity|The general state of mind characterized by complete ignorance about sex and human reproduction
Michael Jordan|God in a pair of Nikes
Mutually Assured Distraction|The practice of distracting others in a manner assuring that neither party gets any work done
Maintenance Fuck|when your partner has sex with you to avoid listening to you complain about not having sex
Michael Moore|A filmmaker who is the absoute master at making gullible people think the way he does
microwait|Consequence of the lunchtime rush for the microwave in corporate settings
MUSE|The best band in the world, and they are british :) Very good live aswell
Mandem|From the Latin 'Mandemulus', meaning a collection of less than reputable characters
mfw|Abbreviation for "my face when
Nerd|One whose IQ exceeds his weight
NextGenUpdate|The biggest, largest gaming and hacking forum on the internet
no homo|Phrase used after one inadvertently says something that sounds gay
Niglet|A racial slur. Used to describe an African American child
Nick|the most amazing person alive with a huge penis
nicole|awesome person that is often imitated but never duplicated
no offense|A phrase used to make insults seem socially acceptable
nice|Used as a filler during a pause in conversation. Doesn't necessarily mean something complimentary
nom nom nom|Represents the sound made when someone is eating or chewing something and really enjoying it
no|The word that makes sex rape
n00b|A inexperienced and/or ignorant or unskilled person. Especially used in computer games
Nap mouth|The bad taste in your mouth just after waking up from a nap
nirvana|The true meaning of a "Grunge" band
Netglow|As in Brad Paisley's song "Online", when someone is "so much cooler on-line" that in person
Nicholas Cage Syndrome|When you have the same facial expression no matter what emotion you're supposed to be showing
Norwegian|A person that that only eats fish and potatoes
Nick Jonas|the biggest fag on the planet
New York City|the unofficial capital of the United States of America
nfi|No Fucking Idea
nexterday|The day after tomorrow
Nickelodeon|What used to be the best channel ever but it sucks a really lot now
noice|Legit Bomb af
NAACP|The biggest racist hypocrites around
north korea|Definition Removed By The North Korean Government
Nut|v. The act of ejaculation
Nihilism|It's useless to define it
nut huggers|an individual who worships another individual; mark, fanboy/fangirl
niteflix|Dreams so complex in plot and rich in production value that they seem like feature length films
Next level bullshit|When the bullshit that comes out of a persons mouth reaches a point of absolute nonsense
nursing a semi|when a man gets half exciited. not a full boner, but he is nearly there
NSA|No Strings Attached
negro|Meaning 'Black' in Spanish
No u|The universal rebuttal to all arguments
netflix and jill|When you watch Netflix alone and jerk off
nerd-do-well|A financially successful geek
naff|British slang, describes something that is stupid, lame or unpalatable
naggers|People who annoy you
nvm|nevermind
nomophobia|Fear of being away from a mobile phone
nerd-person|The voice someone uses when explaining something technical or generally nerdy
nookie|the act of getting it on, making whoopie, doing the horizontal boogie or simply fucking
NASCAR|Turning left in a Chevrolet for 4 hours
Nolan|What everyone ascertains to become
Nutella|God's favourite spreadable food, made by pixies in the magical land of yum
no shit sherlock|meaning 'well of course dumbass!'
Nikomahs|The Indian Chief the city of Shamokin, PA was named after
orgasm|The meaning of life
or the terrorists have won|the best excuse to get what you want
Obama|The Messiah for brain-dead Democrats
OTP|One True Pairing. Meaning the your favorite combination of characters in a fandom
OG|Original gangster
op|Short for Original Poster.  Used on online message boards and forums
on fleek|A work used by uncultured idiots
orgy|Sex party involving many partners
oscar|Latin, sexy, young guy with cool sexy voice
Over 9000|What the scouter says about Goku's power level. Over Nine thousand
OOMF|One of my friends
or|as on Twitter: one of my followers
Osama Bin Laden|faggot
OFWGKTA|Odd Future Wolf Gang Kill Them All
oreolization|The realization that oreos are still in your kitchen
office hands|some one who has soft hands for doing office work & little or no hard labor
one day flu|Excuse to miss school for an event
OPP|OPP ONLY stands for Other Peoples Pussy
oxymoron|Two words that conflict with each other.  Two words which do not agree with each other
oral|in the mouth
ofc|Used in instant messaging to represent 'Of course'
onion booty|Booty that looks so good, it makes grown man want to cry
Overrated|Anything that is given too much credit and hype
oprah|To make billions of money and show off in front of middle-aged white women
ohio|random weather patterns. makeing meteorology nearly imposible
OJ Simpson|See guilty
o face|The face made while banging the chick from logistics
Osama|The best Hide-and-go-Seek player the World has ever seen
on blast|to embarass someone or to make someone look stupid
o_O|Confused, stunned, or weirded out
obese|The polite way of saying Fat bastard
oh bother|Winnie the Pooh's equivalent of "Mother fucking shit"
on my shit|Meaning that you're you. No mistakes and you are on guard. You take care of yourself
Olympics withdrawal|the comedown felt by an Olympics host city when the games are over
One|"Goodbye"
obamania|The national obsession with Senator Barack Obama
Obama Depression|a term some fuckwit bushnesiac republitards use to discribe the Bush Depression
OD|Overdose on a drug
obo|Or best offer
opprescedent|An unlawful and/or oppressive precedent set by a person or persons claiming authority
oobladong|A penis having greater length than width ( girth )
Old Fashioned|Slang for a hand-job
oppai|japanese. (usually, a woman's) breasts. a tasty treat
obesecheese|That accumulation of smelly nasty funk found under the fat rolls of an overweight person
oy vey|Yiddish: short for "Oy vey iz mir," Oh, woe is me
One Piece|Ownage japanese cartoon. Story about some guy who wants to be pirate king
Obamabot|A person who supports Obama and is willing to vote for him but doesn't know a thing about him
on point|to be perfect; to satisfy; whatever it was, it met the person's standards
oh|something one would say to show how much they really don't care
Pussy|The box a dick comes in
Penis|The tool used to wean and convert lesbians and virgins into useful, productive members of society
porn|The best thing in the world
pineapples|what the fuck are you looking at the definition of pineapples for you stupid fuck?
Paris Hilton|Like Kansas, flat, white and easy to enter
Procrasturbating|Using masturbation to otherwise occupy yourself while pressing matters await
procrastination|Ill put up a definition later
prick|a penis
Pi Time|The time of the day where a digital clock reads 3:14
porn storm|Surfing for porn and getting bombarded with pop-up windows
poser|one who pretends to be someone whose not
pimp|P-Person
Please Advise|Corporate Jargon for What The Fuck
party hats|erect and mighty pointed nipples
party|Something I never get invited to
photobomb|(verb)- to drop in a photo unexpectedly...to hop in a picture right before it is taken
platonic relationship|When a woman officially declares a man to be in her 'friend zone'
putin|Pronounced: "Huylo" xÊŠj'lo
pervert|What we all are, but are too afraid to admit
Pornocchio|A person who embellishes their sexcapades to sound cooler
Pokemon paranoia|The suspicion that anyone on their phone outdoors is playing PoGo
peasantvision|Television channels you get without a cable or satellite TV subscription
political correctness|See bullshit.  Proof that George Orwell was way ahead of his time when he wrote his "1984" novel
prostiboots|Boots that are leather, highheeled, and thigh high just like ones found on a prostitute
Presponse|To respond to a question before it is finished, often confusing the asker
Premature exasperation|Becoming upset about something before knowing all (or any) of the details
Peter|Peter is a name for a lovely, lovely boy
pixel counting|The act of staring at one's screen to avoid bullshit at work
pop a squat|to sit down or to take a seat
qwertyuiopasdfghjklzxcvbnm|A phenomena that happens to a computer's keyboard when a human being is bored to death
Queef|an expulsion of wind from the vulva during coitus; a vaginal fart
QFT|QUOTED FOR TRUTH
Q.E.D.|A Mathmeticians way of saying "I win"
Quarter|Short guy with really tall girlfriend
Quagmire|Sex crazed neighbor of Peter Griffin in Family guy.  ALL RIGHT
quirky|something that is strange/not normal but cool
qwertyuiop|Usually the top line of a keyboard, qwertyuiop was the first word ever sent in an e-mail
Q-cumbersome|When a word has too many Qs
queenie|A diva bitch fit
Queens of the Stone Age|The best fucking rock band ever
Quintessential|The very essence of a person's personality & being. Their uniqueness
QT|an abbreviation for cutie
quadah|Quarter in a Boston accent
Queen Elizabeth|To leave a smelly or sloppy piece of shit in someone elses toilet, and do not flush on purpose
qu|a really cool person, or last name.pronounced q
quad|A quarter of an ounce (two eighths) of marijuana
Q|What ghetto people use when typing to replace "g"
qweef|pussyfart, vaginal air biscuit, the sound of success
quif|
quack|A doctor of questionable ablitiy and reputation
Queen Elizabeth II|To defecate; to extrude fecal matter from the buttox
QP|Quarter Pound of weed
que onda|whats up?
Q-gasm|The sensation one experiences while cleaning one's ear canal with a Q-tip
queaf|The release of air from the vagina; a pussy-fart
qwertyuiopÃ¥asdfghjklÃ¶Ã¤zxcvbnm|A phenomena that happens to a computer's keyboard when a Swedish person being is bored to death
quip|a fast, witty comment; a one-liner
queff|when air goes in and out of the pussy when having sex,making a fart noise
QuickTime|A lousy bloatware audio/video codec and software package created by Apple
QTR|Abbreviation for Quarter, as in a quarter bag of marijuana. Used when trying to be shady
quid pro quo|Latin-"This for that"
que lo que|Dominican greeting
questionable content|kick-ass comic about life
Quim Ninja|a sexual athelete, (male) one who is really on top of his game
quinoa|A cheap staple food sold to gullible white middle-class people for many times its actual value
queue|A line for waiting
qazxswedcvfrtgbnhyujmkiolp|This is the divine sentence of which bored I.T. students
que sera sera|A spanish phrase
Translation: What will be|will be
Quadroon|Someone who is 1/4 black
QT3. Cutie pie
quantum physics|The reason why one sock disappears when you do your laundry
quarter water|Those little 25 cent drinks youi get at the bodega you used to drink when you were a kid
Queensland|There's only two states worth being in, Queensland and pissed
quirper|A man whose hobby it is to sniff the bicycle seats of females
q.v.|Quick Visit. Approx. 15 minutes with an escort
quijibo|A fat, balding, North American ape with no chin.  First used in a Scrabble by Bart Simpson
qanat|n. A totally cheap-ass word to use in Scrabble and piss everyone off
Quinny|The female reproductory organ, or vagina
quitter|someone who gives up on something
que|Spanish word for "what"; Used extensively on the Westside
quiznos|The most expensive sandwiches in the universe
QOTSA|The best band in the world. Ever
quad laser|The mooninites ultimate weapon
ryan|the cutest guy ever, and has the greatest respect for girls, is funny, and very very LOVING
Run and tell that|Meaning to go spread the word. To let it be known. To go tell everyone quickly
rescue chip|A rescue chip is the chip you use to fish the bits of the first one that broke apart in the dip
recrap|To sum up a discussion composed largely of useless bullshit
Rawr|A word that means "I Love You" in dinosaur
rekt|When someone gets completely destroyed
retard in aluminum foil|What a lady's knight in shining armor becomes when she really gets to know him
Restless Lip Syndrome|When a person keeps interrupting a conversation and can't keep their mouth shut
Ridin' Qwerty|Texting while driving where it's illegal, taken from Riding dirty
rock|used to defeat scissors in a game
Regret Ceiling|(noun) - The point at which one stops feeling remorseful regarding a thought, comment or action
ride or die|to be down with your husband/wife no matter what, through it all the good and the bad
rectoral college|Body of assholes who assemble every four years to confirm chief executive asshole
reindeer gaming|the act of putting christmas decoration reindeer into various sexual positions
rick rolled|to be tricked into clicking a link of a Rick Astley video
rebooty|A booty call made with an ex
Rendezbooze|When a group of people (friends, co-workers, acquaintances) get together to drink
Rosetta Stoned|One who gets so high that he or she begins to speak in a foreign language
racism|Pure Bullshit
Ronald Reagan|If you are on the right, Reagan is God.If you are on the left, Reagan is Satan
rush limbaugh|The complete opposite of Michael Moore
running latte|showing up late to work because you stopped for coffee along the way
Riley|absolutely and ridiculously perfect
raptor jesus|Nowere in the bible does it say that jesus isnt a raptor
Rachael|The sexiest girl you'll ever meet, also amazing in bed
Right of Wave|The expectation that a fellow driver will offer a wave after allowing them to cut into traffic
Ruby|That mysterious girl that you saw once, but don't know whether you'll see her again. nice hair
Rimjob|the act of orally stimulating the external anal sphincter to cause sexual arousal
Randy|Overly excited in a sexual manner. See also horny
Rage Against The Machine|The only rap-rock band that ever had talent
Rick Santorum|semen mixed with fecal matter often left after continuous anal sex
Rosie|The beautiful one
respect|A quality seriously lacking in today's society
rack|set of breasts
Rebekah|Hot sexy girl, with a nice body, aggressive lover, quite flirtatious, and banging personality
rosie o'donnell|A hippopotomas. Or atleast thats what it looks like
rick ross|black santa claus
RTFM|Read The Fucking Manual
raw|sex without a condom
rocket surgery|(n.) a play on words which mixes two common metaphors: "rocket science" and "brain surgery"
sex|What kind of moron are you that you look up sex in the urban dictionary?
slut|a woman with the morals of a man
school|place were you spend first 18 years of life taking it up the ass
sexy|Something the girls in the example pictures aren't
Sarah|The name "Sarah" is translated from the Hebrew language. It means "Princess"...and rightly so
SOPA|The shittiest piece of legislation the U.S. government ever came up with
stfu|1) Acronym used for the phrase "shut the fuck up" for efficiency reasons
Senpai|Someone who will never notice you
stupid|Someone who has to look up "stupid" in the dictionary because they don't know what it means
South Park|The funniest parody of left wing political ideology since George Orwell's Animal Farm and 1984
savage|Bad ass.  Cool. Violent
stealth abs|When your ripped six pack is covered by a thick layer of fat
suicide|Your way to say to God "You can`t fire me! I quit!"
Sex Story|Also known as erotica. They are stories of sexual memories
shitload|more than an assload but still less than a fuckton
social chameleon|someone who changes the way they interact with people depending on who they're with
salty|pissed, upset
Sam|Sam means the name of one person who is:
See you later masturbator|A variation of see you later alligator
Social Fruitfly|Like a social butterfly, without any charm or beauty. An unwanted pest
sophie|a generally smart and beautiful girl
Star Wars|The epic story about the dysfuctional Skywalker family
slurring your text|when you're so drunk that you're texts are unreadable
sporking|The act of spooning with the addition of an erection
Shannon|The coolest person in the world
sugar daddy|Like a genie - he may be a little old, but if a girl rubs his lamp, he'll grant her wishes
Samuel|A guy who is really sweet and amazing
soccer|The world's most popular sport
Steven|Sexy, Cool, Swave and Sophisticated
Sandra|A strong name for a strong woman
Slow Burn|An insult that doesnâ€™t sink in for awhile
san diego|Best. City. Ever
steppin on my dick|when someone disrespects your manhood
sympathy seeker|A person whose status updates on facebook are solely for the purpose of gaining sympathy
sierra|Fine ass Woman with an incredible body
shawty|Fine ass woman, or your girl
Scott|An incredibly cool person
slang|the only reason Urbandictionary.com exists
snake juice|The clear liquid that men squirt after they reach the peak of pleasure
slay|killed it. succeeded in something amazing
sprung|the state of being very attracted to a person, obsession often mistaken for love
Some-sex marriage|A marriage where a couple participates in minimal sexual activity
shyPod|When one is hesitant about sharing the contents of his or her iPod
Snoop Dogg|He does his own laundry
shelf esteem|When someone builds their self esteem from self help books
sodomy|The reason why I lost my most recent girlfriend this year
sofa king|A 'friendly' way to say "so fucking"
Shaunfin|Basically an Afro-American male who prefers to date white women
Thot|A Thot is a hoe. Plural: Thotties
Tumblr|The end of your social life
Taco Bell|fast food place that gives you the shits
that's what she said|The most versatile joke on Earth
Thomas|A Teenage white kid that has an abnormally large penis usually ranging to 7.5 inches to 8
Tramp Stamp|A tattoo above a woman's ass crack
toothpaste hangover|The effect that makes everything taste disgusting after you brush your teeth
Thanksgiving|Another excuse for Americans to spend an entire day eating
third base|The third base before home plate in baseball you damn perverts
The Fault In Our Stars|A book that you can literally throw at my face and it wont nearly hurt as much as the story
Textpectation|The anticipation one feels when waiting for a response to a text message
thick|nice ass, nice legs, not skinny, with meat on your bones. thickness is the shit
Text Purgatory|The time period one waits for a response to a flirtatious text
tim|vb. to sex someone up
tara|Drop dead gorgeous. Used to describe the most amazing person you know. Legendary
tbh|to be honest
Trap|The area where drug deals are carried out
tongue typo|What happens when you know perfectly well what you want to say but it comes out wrong
time vampire|Something or someone who literally sucks your time like a vampire sucks blood
Tramp|Any woman who will open her legs for anyone, except for me
threesome|When a group of three people join together for sexual pleasure
Texas|Place of extreme weather
Triggered|The mating call of a landwhale as it submerges from the patriarchy
testicular fortitude|balls, guts, intestinal fortitude
Textual Satisfaction|The feeling you get when your phone has a new message/missed call
Thirsty|Too eager to get something (especially play)
tired high|a state of altered perception brought on by a lack of sleep
taint|The area between the nutsack and asshole that prevent a man from shitting on his nuts.  See durf
Teenager|Something im not proud to be, because a lot of teenagers are quite simply put; idiots
Timo|The guy everyone wants to bang. TIMO! short for timothy. all hail timo
transpants|Pants designed for the female figure that add the illusion of an engorged penis upon sitting down
trumpophobia|The fear of Donald Trump
tina|Slang for Crystal Meth
TTYN|Talk to you never
the|a common mispelling of teh
Traffuck|Peak hour traffic or any general traffic which slows you down
teabag|To dunk ones scrotum into the open mouth of another person
tom cruise|Overrated douchebag who practices scientology and poisons today's youth
The brown touch|when everything you touch turns to shit
tag hag|A person who is obsessed with name brand clothing. See label whore
trippin|When someone is overreacting or getting all bent out of shape over something small
tops|Aussie, Irish, Scottish, English slang
TMI|Too Much Information - way more than you need/want to know about someone
tamara|A perfect goddess of unmatchable beauty
the "fuck" word|parody of the phrase the "F" word. Typically used to express disdain or disregard for censorship
Tanya|The most amazing person in the universe
ttyl|talk to you later
trustno1|Special Agent Fox Mulder's computer password in the X-Files TV series
tanner|An amazing, determined and genuine person who deserves all the best that the world has to offer
umop apisdn|It's upside down, upside down
united states|If you don't like it, go live in Canada mother fuckers
ugly|Result of being hit with an ugly stick
uber|The ultimate, above all, the best, top, something that nothing is better than. Also Ãœber
USA|The only country keeping penguins from coquering the Earth
underboob|cleavage visible from the part of the shirt that covers the bottom of the female breasts
uk2|To suck the penis of a donkey
Unbrella|An umbrella turned inside out by forceful wind
unlightening|A process of "learning" something that makes you feel dumber
unf|Universal Noise of Fucking. See above definition for onomatopoeic use as a sound itself
Urbaning|To look up your own name on Urban Dictionary, either for definition or myspace useage
urban|City-like. From the Latin word "urbs", which means "city"
Utah|full of mormons
urban thesaurus|A good idea
ubuntu|Ubuntu is an ancient african word, meaning "I can't configure Debian"
Uncle Jeff|The act of using the internet, especially Facebook to stalk and learn everything about a person
ucla|University of Caucasians Lost Amongst Asians
Underwater Jacking|To jack off under water in the tub where no one in the house can hear it. Plus it feels really good
upskirt|videos or photos or views of up a woman's skirt
urbandictionary editors|people who never publish my defenitions
Ugh|Used to describe disgust or boredom
Undertaker|The Deadman, greatest wrestler of all time
University of Michigan|A college that is 20 times better than thoes bastards in Ohio
up dog|Shitty joke, but it can be funny at times
Uranus|The butt end (no pun intended) of every joke about planets in the 5th grade
underrated|cooler than most people think
useless|99% of the definitions on this site
urban outfitters|A store that sells hip apparel and teenage identity
U mad bro?|A phrase trolls use to piss off an already mad person even more
uncircumsized|A variation of the word "Uncircumcised" for those who cant spell
university of chicago|where fun goes to die, on the south side of chicago
UFC|Ultimate Fighting Championship
University of Miami|The only place in the world where a hairy Jewish kid will get laid by a supermodel
up up down down left right left right b a start|The code for Ninendo's Contra to get 9 lives
up yours|Short for shove it up your ass. If your not using it as an insult, your an idiot
underoath|n
united nations|See Oxymoron
Umpa-Lumpa|a girl/woman who wears too much fake tan
unconditional love|To love somebody with no conditions or circumstances: to love completely
uncle fucker|funny as fuck song by terrence and phillip
unsub|Unknown subject.  (Used often in TV and films dealing with crime.)
UCSD|A school with no football team, but exercises that pride with the following t-shirt, i.e
up the spout|In Scotland, pregnant. See also up the duff
unbenounced|How fucktards try to spell unbeknownst
US|Who all your base are belong to
undefined|A word in the urbandictionary that is lacking definition
uff da|A multi use exclaimation
uptight|unable to relax and just chill, has panties all up in a twist, walks with a stick up their ass
ur mum|The insult of all insults.  When you're stuck and have nothing to say, just say 'ur mum'
UGK|Under Ground Kings
unic|You spelled it wrong. See eunuch
vagina|The best friend a penis will ever have
virgin|n.  Person who has not yet had sex.  Largely believed to be mythological
vegetarian|A bad hunter.  Someone who survives by consuming not food, but the stuff that food eats
vignesh|A name for one sexy ass mutha fucka
Vegan|Someone who slaughters and kills fruits, and vegetables
valentine's day|The reason so many people are born in November
Vampire|Something that does not sparkle
virginity|What women are proud to have and men are ashamed of
vodka|A drink which makes you strong and clever
Vine|Something you do it for
video games|The only thing that's fun to do anymore
v card stamped|the act of taking someone's virginity
Vajayjay|Slang - vagina, origin unknown, used on Grey's Anatomy
vanilla|Unexciting, normal, conventional, boring
Virtual Friday|The last day of work or school in a normal work week, due to an extended weekend
violent agreement|When two people think they are arguing, but fail to realize they actually agree
Veritas Aequitas|It isn't Greek; it's Latin. Veritas et Aeuqtias - Verity and Equity - Truth and Justice
vato|Mexican OG for duuude
vag|Abbreviation for Vagina, but is used more as a gross term than good
Vampire ass|An ass so juicy you just can help but sink your teeth into it
VIP|(Pronounced as seperate letters) A very important person
Vietnam|A country where there are more motor scooters than cars
Viagra|The type of spam I get in my e-mail box every day
Virginia|is for lovers
V card|"V" stands for virgin, holding the V card means you're still a virgin
ville valo|Finnish for sex on toast
Village Idiot|See George W Bush
Vic Fuentes|the sexiest most amazing-voiced Mexican you will ever meet
vig|Payment of a service rendered to a benefactor from the benificiary of said service
Vanilla Ice|Eminem's long lost father
Vibe|(Noun)A distinctive emotional atmosphere; sensed intuitively
victoria's secret|Something Victoria doesn't want to tell you
voicejail|The loop of options where you get stuck when trying to navigate your voice mail
Vans|Skate shoes for those who do not skate
Vevo|The beginning of Youtube's downfall
voodoo economics|Ronald Alzheimer Reagan's "supply-side economics"
vagitarian|Opposite of penivore
Vermont|A very windy state due to the fact that New Hampshire sucks and New York blows
vtec|the thing that always kicks in, yo
violin|you people suck. violins are beautiful if you actaully devote some time and effort to playing it
vamp~tramp|A vampire slut
viking|Hardcore warriors that will pwen your shit. Superior to Pirates. Equal to Ninjas
vinny|someone with a really huge dick
voat|The correct spelling for the incorrect term "vote."
vegi-curious|One who is considering the vegetarian lifestyle, but has yet to make a committment to it
vh1|its a channel that viacom created after they realized people grow out of mtv when their balls drop
vraka|Greek word for Huge oversized underwear
Vida Guerra|The hottest FHM model...ever
Volunteer's remorse|When you volunteer to help with something and immediately regret doing so
Vaper|A user of electronic cigarettes
vagoo|A "warm and inviting" term / euphemism for vagina. Created by Rayne of "Least I Could Do"
Vanessa Hudgens|A dirty, no good fucking slut, who needs to pose naked to get peer pressure out of her life
vitamin pee|anything that is likely to make a person pee a lot
woody|A wooden roller coaster
weed|God's gift to the world.  Brings peace when used wisely
whore|A woman that sleeps with everyone but YOU
Wait|shit, Something someone would say after realizing what they just said or did was idiotic or bad
whatever|Used in an argument to admit that you are wrong without admitting it so the argument is over
world of warcraft|A good fun alternative to life
WTF|The World Taekwondo Federation
WTF|holds many competitions throughout the world
WAP|With A Passion
wikipedia|Savior of high school students everywhere
wank|predominantely British term for masturbation
weenis|Its actually the skin on your elbow
Word|1) well said, 2)said in a agreement, 3) can be used as a greeting, hey whats up
Wiper Beat|When the windshield wipers on your car sync up with the music on your car radio
wake and bake|Toking up right after you wake up
will|Brown hair, green eyes, buff body, that defines a will. total sex on legs
w00t|An expression of joy and excitement
Word up|kids?, What your mom says when she's trying to be cool.  You know she says it
warning tap|The universal tap given (usually on a thigh), signaling an impending ejaculation
white dick|The smallest unit of measurement known to man
wet dream|What happens when you ignore your penis for too long and it decides to plot out revenge
wow|Acronym for the game World of Warcraft
WWJT|What Would Jesus Text
White|The color white. Contrary to popular belief the word "white" is not a racial comment or slur.war, the thing that france is very bad at
Wyatt|pimps all the hooooooesand bitchs
wat|The only proper response to something that makes absolutely no sense
What's the damage?|Means how much does it cost, how much do I owe you
watch this|Something said right before a person does something amazingly stupid
whiskey dick|when you've had too much to drink and have a girl back home and cant get it up to perform the deed
wwe|WWE a.k.a World Wrestling Entertainment a.k.a John Cena overcoming the odds
webshite|A site full of shit. Very British
Water|The 4th element required to summon Captain Planet
Woe|*New Orleans slang meaning associate or friend
we need to talk|You are screwed
Web Glow|When someone looks better in online photos then they do in person
whatever lifts your luggage|Synonymous with "whatever floats your boat."
Whale Tail|the whale tail is the shape formed when a g-string rides up high over a womans trousers
whats-a-dick|A name for a guy who's name you can't remember. Similar to whats-his-nuts
watermelon|Watermelon is referring to male sperm that contains a lot of seeds (KIDS)
weezer|A band so awesome that they can sing about cheese and make it sound cool
wet pussy|when a female gets horny, her privates get wet
wikidemia|An academic work passed off as scholarly yet researched entirely on Wikipedia
what|A country I've never heard of
Wombmate|A pair of twins that subsequently go on to live as roommates
weird|Interesting or strange
Word Vomit|A point in a conversation where you say something that you really didn't mean to
whats good|means whats up, whats new, how've ya been?
Windows ME|See shit
wedgie|When ones underwear is grabbed by the waist band ans pulled up as high as it can go
Wanda Sykes|A great stand-up comic who performed at the White House correspondents dinner in 2009
window licker|A retard who sits in the back of the sunshine bus, licking the window whilst staring at you
Weiner|the funniest word in the world.... for now
wal-rus|an overweight Wal-Mart shopper so weird looking that his/her picture ends-up on the internet
XD|A laughing face. Hey, it's better than lol
X-rayted|TSA rating for airport, naked body scan images
Xnxx|The greatest porn site ever, it's free, there are over 1,000,000 videos
XO|XO - hugs and kisses
Actually|it's kiss (X) and hug (O)
xx|kiss kiss
X-ring|The center of a target. The bullseye
xzibit|Feels the need to cover the world in flat-screen HDTV panels
Xtube|A adult version "you tube". Web site has home made porn
Xbot|xbox fanboys
xc|short for Cross Country, as in running Cross Country, as in the best sport out there
xyz|An Abbreviation for "examine your zipper"
XXL|The standard "medium" size for most Americans
xshare|xshare.com is strictly for finding pornographic videos
xanax bar|A 2 mg Xanax , that is shaped like a bar  |==== |. Can be divided into 1/4s . Abused by many
xtc|n. slang for the drug Ecstasy  (C11H15NO2)
xena|The main character in the popular television show "Xena: Warrior Princess."
Xena|Warrior Princess, A Badass~Kickass TV show of Fast~Paced High~Energy Adventure starring Lucy Lawless of Australia
xoxoxo|Hugs And Kisses
xilf|x-ray i'd like to fuck
XV|a dope ass rapper also known as vizzy... XV for 15 because thats when he started rapping
X-Rated Math|Math books whose sexy titles subliminally conjure up images more apt for an adult movie
xaxa|Greek and Russian for haha. Latin H is X in the Cyrillic and Greek alphabets
xKore|The greatest fucking Dubstep artist of all time and space
X to the Z|tha rapper Xzibit
xyzpdq|Abbreviation for "Examine Your Zipper Pretty Damn Quick"
Xenocide|The act of a member of one species purposefully causing the extinction of another species
Xyep|Narsistically self consentration
Xyep |-ing, -ed
X-pac heat|Genuine dislike for a person rather than the character he is portraying
X-rated Topology|A demonstration of topology concepts in real life before a lay audience of mature students
Xemnas|An anagram for "mansex."
xaxaxa|The most retarded yet the funniest way to laugh
Xanadu|A song about an ice mountain paradise by the band Rush
Xiao|Small in Chinese Mandarin
xoxota|pussy in portuguese. more used in northeast of Brazil. similar: xota
xe|The chemical symbol for xenon (atomic number: 54)
Xbox Live Sex|When people talk excessively in the lobbies of Xbox Live games
xanies|slang for xanax (alprazolam), a commonly prescribed benzodiazepine
XDDDDDDDD|A smiley similar to XD. Every D added to its end adds to its greatness
your other left|Sarcastic phrase; used with the directionally challenged to make them aware of their error
You lie!|The classiest way to respond to anyone you disagree with
You Done Fucked Up|To mess up extremely past the point of no return
your mom|what u say in responce to any question
You|Not me
You're Probably Right|A phrase used to dodge the blame and embarrassment associated with getting an answer wrong
years|12 months of absolute hell and fuckery
yuge|A variation of the word HUGE commonly used by Donald Trump
YÃ‰YO|TRADITIONAL DISTILLING WITH A MODERN TWIST
you got no jams|A very terrible insult. If you have no jams, on a scale of Jimin to Namjoon, you are Jimin
yayo|cocaine
You look tired|Politically correct way of saying that you look like shit
Yay|Used as an exclamation of pleasure, approval, elation, or victory
You're aces with me|It means the person thinks highly of you, you have their respect
yofam|Yofam is a greeting from one person to another (mainly guys)
yeah|The answer to any question
yarr!|a word often used by pirates whenever they have experienced a loss or pain
yucky|drunk and crazy
your face|a phrase that can be added as a prefix or suffix to any insult as a comeback
yippie ki-yay|An exclamation of joy popular with cowboys in the the mid 19th century US West
you already know|The correct response to the question "what it is"
y'all|contraction for you-all
yak|Congnac. As in the brandy. Used by hip-hop / rap artists
you got to be fist fucking me|When someone does something really stupid
Yoga Pants|Pants that make anyone look like they have an ass
YDI|You deserve it
yay area|Slang For The Bay area
your mum|Humourous response to any question where a noun or noun-phrase is expected
yo momma|The answer to any question, when the correct answer could not be attained at the present time
yeezy|Slang referring to the rapper Kanye West
Yellow|Yellow is the colour that divides edible snow from non-edible snow
YAM|Ugly-ass cousin of the potato
Yu|a very confusing name but very cool at the same time
YAAB|pronounced "yawb"
yellow bone|a light-skinned black women
your mom goes to college|The best insult ever. You will totally PWN anyone with this retort
Ye|another term for "yeah" or "yes"
yummifullz|extremely yummy;  unimaginably yummy, sweet, or awesome; an awesome word created by the Quynhster
ya mum|the answer to practically every question in the world
Your City|Something Urban Dictionary keeps bugging us to look up
yuppy|Dude, you can't spell for shit if you came here. Move to yuppie immediately
york|To throw up
Synonyms: puke|throw up, blow chunks, lose it
yoked|well muscled; powerfully built
your gay|A gay that belongs to you
Yao Ming|Noun
ya dig|Usually said after a sentence, sorta like "na mean" or "ya understand"
you fit the description|Phrase that police use to justify arresting any African American in any situation
you dun goofed|When you have committed an act in which "consequences will never be the same again"
yikes|a term used to show shock or extreme surprise
Yard bomb|A pile of dog crap that isn't picked up by its owner and is instead left to be stepped in
yead|The way Tom DeLonge pronounces the word, "head" in the blink-182 song, "I Miss You."
Young|Urban slang that is short for young'n, which is short for young one. An integral part of DC slang
young buck|The guy with the coolest chain ever... no need to rap when you have got THAT chain
Yenta|Yiddish - Meddler, gossiper, meddlesome, busybody, nuisance.  Mostly Judaic and female
Zoe|Girls name. Originates from Greece, meaning life
Zyzz|The epitome of aesthetics
zip|an ounce of marijauna
Zac|Beautiful, intelligent and sexy male, known for their genius and good looks
Zayn|verb: To leave early
zoey|SweetHeart, Sweetest Person. Very Kind and Loving. Always trying to get along with everyone
ZJ|If you got to ask you can't afford it
Zero|Equal to the amount of fucks I give
Zane|A badass rugged mother fucker who gets ALL them bitches
zaya|is a 10/10 girl. in other words a perfect girl. the word is mostly widely used in british slang
Zombie Crush|Having a genuine crush on someone who's dead
zombieking|Proof that hordes of mindless zombies in need of brains really do exist
Zapien|A person who abuses people who he believes are under him in status
Zoot|A spliff or joint
ze|The...only it is used when peopel are trying to pull off a fake french accent
zyxwvutsrqponmlkjihgfedcba|The sound you make when you vomit alphabetti spaghetti
zombocom|Anything is possible at ZOMBOCOM
za|Really obnoxious word for pizza, that no self-respecting person uses
Zig|Something to be moved, usually for great justice
zzz|the symbol that hovers above one's head while they are sleeping
Zeke|the coolest funniest sweetest person in the world and everyone loves him
Ziggler|An affectionate term for a person of diminutive height, often with extremely large eyes
zig zag|cigarette paper used to role marijuana in, to make a joint
z4|A smile-inducing, seductive sports car built by BMW
Ziam|The undeniable bromance of Liam Payne and Zayn Malik
Zoned|The act of putting someone into the zone of getting owned. Frequently used in online gaming
zone|a zone is an ounce
Z Job|If you gotta ask, you can't afford it
ZOG|A White Nationalist acronym meaning "Zionist Occupied Government"
zebra|TWENTY-FIVE sizes larger than a A bra
zug-zug|A phrase used by the orcs in Warcraft, Warcraft 2, Warcraft 3. The phrase is used for yes yes
Zinedine Zidane|The only thing Brazil is afraid of
zaftig|Deliciously plump, or carrying your extra weight very well
zingy|perfect and amazing. something spectacular to see or listen to. eyecatching
zim|The main character from the cartoon series "Invader Zim" a.k.a. the best cartoon ever
zequyx|(v) To have a crush on
zequyxed|zequyxicle, zequyxes, zequyxing, zequixable
Zander|Synonym for amazing,awesome, astonishing
Zeus|Zeus (Jupiter/Jove), supreme ruler of the universe, originally god of thunder and the thunderbolt
zamboni|kick-ass thing that cleans ice on ice rinks
zofits|someone or something thats off its head
zooey deschanel|synonymous with beautiful and talented; sister is on bones with that guy who was on buffy
Zhang|a person who has a great potential and
Zong|A bong with its tube in the shape of a Z
zeg|The Georgian word for "the day after tomorrow". There's actually no equivalent word in English
z3|coolest bmw sports car
